task,method,metric,mean,std,median,ci_low,ci_high
iid,cv_A,linear_capacity,1.2355673286806768,0.17953384549232818,1.2676960773709172,1.114993018746975,1.312155981009233
iid,cv_A,nonlinear_capacity,0.10946581165404753,0.08197777002831869,0.10576665202236385,0.06147089534179,0.15671494094339256
iid,cv_A,seconds,0.3352121999982046,0.07156351702253926,0.3401129999983823,0.29114654574736054,0.3752527022508729
iid,cv_A,effective_rank,2.661605408122693,0.3530754539468808,2.762033597504095,2.4655548984271918,2.872926107542946
iid,cv_A,linear_1,0.527820587736257,0.12337457543938879,0.5606556170483835,0.4456380554972372,0.5751748912261714
iid,cv_A,quadratic_1,-0.026518484349641925,0.014209684670869362,-0.02749384908195207,-0.034429911760782625,-0.017164210098304558
iid,cv_A,linear_2,0.2752482035056619,0.01582701653146962,0.27926500099927143,0.2645372538772455,0.2829019563858479
iid,cv_A,quadratic_2,-0.0756494956375213,0.0464646599734656,-0.07379707354859666,-0.10243984060839367,-0.04867479316478906
iid,cv_A,linear_3,0.2929889802927238,0.017724655171651636,0.29901530132232135,0.2809875443385896,0.3012193027905494
iid,cv_A,quadratic_3,-0.09994720620232414,0.04369567229347999,-0.1017276371082736,-0.12546813207513535,-0.07428261753493844
iid,cv_A,linear_4,0.13950955714603427,0.04015816429586505,0.13725466664718544,0.11606642133420204,0.16243618368727158
iid,cv_A,quadratic_4,-0.02945373861833156,0.05073193240474578,-0.02526776681702647,-0.06148232759474869,-0.002029310918203485
iid,cv_A,cross_1_2,-0.05871044011006865,0.10116876738721715,-0.028272840496758045,-0.11996131844438668,-0.0017588593392170847
iid,cv_A,cross_1_3,-0.06622880705821234,0.059433152131000845,-0.05711346002905093,-0.10147664926416332,-0.03086649714473552
iid,cv_A,cross_1_4,-0.2305915782495092,0.04212023070140429,-0.25117310142386284,-0.25387198148995854,-0.20556207788914155
iid,cv_A,cross_2_3,0.0530696271192322,0.04092093370020919,0.04775390961827286,0.02900250572825287,0.07664467279616166
iid,cv_A,cross_2_4,-0.10157921432773498,0.08272403986589541,-0.13451157213782727,-0.14927448872649687,-0.051489556401046854
iid,cv_A,cross_3_4,-0.015718388204048972,0.0920868860074233,-0.033522123978457885,-0.0706962178301057,0.0362392738269491
iid,cv_A,parity,-0.028080148417715934,0.017568200127917016,-0.029283806862412165,-0.038432989811974995,-0.018529388773946335
iid,cv_A,narma10,0.45657040350510636,0.030145074395377565,0.4570955792367029,0.4388198679799,0.4747608515100169
iid,cv_B,linear_capacity,1.200093641750883,0.22649530779814173,1.2404166989784313,1.046948282323259,1.2954811141944693
iid,cv_B,nonlinear_capacity,0.13802619671579047,0.07164498583504167,0.1374872360114272,0.09764222061298068,0.1794558069434581
iid,cv_B,seconds,0.49530163999879734,0.12017339485824054,0.49280525000358466,0.4218288659978498,0.5650390859978507
iid,cv_B,effective_rank,2.7385072417104643,0.35568722790715834,2.7982611503054238,2.531298523318518,2.950006928521939
iid,cv_B,linear_1,0.5168859342630487,0.14029394154801705,0.5556721838641243,0.42388064417737764,0.5704153222356336
iid,cv_B,quadratic_1,-0.06249145319475813,0.033029771424922284,-0.055628948245361465,-0.08244223974254677,-0.043099686206449404
iid,cv_B,linear_2,0.27225051235548337,0.020001421404380607,0.2783555851916265,0.25886266290893245,0.2813289079401304
iid,cv_B,quadratic_2,-0.08413719585789255,0.0386163777428891,-0.0913382385161422,-0.10656849265903542,-0.06153422903193657
iid,cv_B,linear_3,0.28293379601396407,0.034745287624838896,0.29436412350013136,0.2596720973123647,0.2975589080066166
iid,cv_B,quadratic_3,-0.04834346313623369,0.042662910444537155,-0.05687301644719944,-0.07140936640500672,-0.02414447076559881
iid,cv_B,linear_4,0.128023399118387,0.04731758570564044,0.12450067650057234,0.09943564195370078,0.1543983009418445
iid,cv_B,quadratic_4,-0.007998625671169213,0.048117498861012166,0.001145404531837313,-0.03699552893918458,0.018616903270223122
iid,cv_B,cross_1_2,-0.05611785297242065,0.08408983017217872,-0.045735239698581065,-0.10585083000267591,-0.00864472535837726
iid,cv_B,cross_1_3,-0.011712054515700964,0.05453296168478226,-0.00231260384086851,-0.04340242001537379,0.01962163936151555
iid,cv_B,cross_1_4,-0.3798324557478271,0.10953599789025913,-0.4056127636039196,-0.44065423634410955,-0.31643395948818726
iid,cv_B,cross_2_3,0.09003379679212163,0.03830814494559059,0.09118999403997474,0.06690404000933257,0.11041828583186934
iid,cv_B,cross_2_4,-0.060849134157951054,0.06968219341930701,-0.06644309045140528,-0.101424536834742,-0.020903240404529344
iid,cv_B,cross_3_4,-0.13756847568104796,0.09538612613206145,-0.14200088750057882,-0.19555863455560268,-0.08346282677930023
iid,cv_B,parity,-0.005604129861615725,0.015657970101553134,-0.007914933872963048,-0.013857063197429244,0.004230896339808285
iid,cv_B,narma10,0.4477254709712467,0.05471945024243627,0.442732260595141,0.41819685703806564,0.4828629026579456
iid,cv_eta_0.6,linear_capacity,1.7237502619986453,0.02822128753335933,1.721442214456549,1.7077246109809656,1.740422243714372
iid,cv_eta_0.6,nonlinear_capacity,0.3446140547268391,0.10757773049259997,0.3381922284218828,0.28016063136649744,0.40568144901909997
iid,cv_eta_0.6,seconds,0.5424826100002974,0.14912992440667538,0.5552124999958323,0.45149895725018724,0.6259358450002764
iid,cv_eta_0.6,effective_rank,1.9750474060141798,0.07815916618326825,1.987720202455296,1.9300497778124748,2.018721497813894
iid,cv_eta_0.6,linear_1,0.8424890604581075,0.006843854169929987,0.8441263142205186,0.8382143285685368,0.8463218615745229
iid,cv_eta_0.6,quadratic_1,-0.01846087424616123,0.05146920294615929,0.0025670937512538017,-0.048013294464495544,0.009322146757942835
iid,cv_eta_0.6,linear_2,0.3802187283408266,0.006004104573098294,0.3799599214988273,0.3770096916263261,0.3838289952273226
iid,cv_eta_0.6,quadratic_2,0.0035490426967583755,0.02098035689831538,0.007167020015195313,-0.008567568855819408,0.01602402551315292
iid,cv_eta_0.6,linear_3,0.36928392381972397,0.007489813224689563,0.3661495851769792,0.3650387164783908,0.3736159613413066
iid,cv_eta_0.6,quadratic_3,-0.043566978185297846,0.023813480160605482,-0.03565183221709278,-0.058999964838572956,-0.030892797001767253
iid,cv_eta_0.6,linear_4,0.13175854937998732,0.01961839773682381,0.12970538546845184,0.12005502345647763,0.14324829405295558
iid,cv_eta_0.6,quadratic_4,-0.005516862970098846,0.02805794175507731,-0.005844815473169507,-0.021849014245542645,0.010280397639177732
iid,cv_eta_0.6,cross_1_2,0.07960283040521218,0.0528843585120982,0.10567492335572304,0.046969135956586056,0.10828640475856677
iid,cv_eta_0.6,cross_1_3,0.08886681130125221,0.04057409045634831,0.10298980095702698,0.0612141591206817,0.10814512752568943
iid,cv_eta_0.6,cross_1_4,-0.2873339078380014,0.011277986756242675,-0.29254095252573775,-0.2934264129079485,-0.28040820581227516
iid,cv_eta_0.6,cross_2_3,0.13938732938934595,0.03587652816328789,0.14528085551179637,0.11758379409534804,0.15872990332743822
iid,cv_eta_0.6,cross_2_4,-0.03807637276493472,0.030509052668676682,-0.03942987575609358,-0.05594185446145464,-0.020724159441158397
iid,cv_eta_0.6,cross_3_4,-0.12478100998133605,0.05219605103469781,-0.12233832764090524,-0.15688780101352096,-0.09614764367839636
iid,cv_eta_0.6,parity,0.02664985600082843,0.0174993513091788,0.030272293107397263,0.01503106491774925,0.03560494204080197
iid,cv_eta_0.6,narma10,0.4636411955853276,0.021298089746356722,0.4680855194728305,0.45112833654235174,0.4750308108485904
iid,cv_eta_0.8,linear_capacity,1.200093641750883,0.22649530779814173,1.2404166989784313,1.046948282323259,1.2954811141944693
iid,cv_eta_0.8,nonlinear_capacity,0.13802619671579047,0.07164498583504167,0.1374872360114272,0.09764222061298068,0.1794558069434581
iid,cv_eta_0.8,seconds,0.5264947100018617,0.15484208208458733,0.583175450010458,0.43398422174752344,0.614813057755382
iid,cv_eta_0.8,effective_rank,2.7385072417104643,0.35568722790715834,2.7982611503054238,2.531298523318518,2.950006928521939
iid,cv_eta_0.8,linear_1,0.5168859342630487,0.14029394154801705,0.5556721838641243,0.42388064417737764,0.5704153222356336
iid,cv_eta_0.8,quadratic_1,-0.06249145319475813,0.033029771424922284,-0.055628948245361465,-0.08244223974254677,-0.043099686206449404
iid,cv_eta_0.8,linear_2,0.27225051235548337,0.020001421404380607,0.2783555851916265,0.25886266290893245,0.2813289079401304
iid,cv_eta_0.8,quadratic_2,-0.08413719585789255,0.0386163777428891,-0.0913382385161422,-0.10656849265903542,-0.06153422903193657
iid,cv_eta_0.8,linear_3,0.28293379601396407,0.034745287624838896,0.29436412350013136,0.2596720973123647,0.2975589080066166
iid,cv_eta_0.8,quadratic_3,-0.04834346313623369,0.042662910444537155,-0.05687301644719944,-0.07140936640500672,-0.02414447076559881
iid,cv_eta_0.8,linear_4,0.128023399118387,0.04731758570564044,0.12450067650057234,0.09943564195370078,0.1543983009418445
iid,cv_eta_0.8,quadratic_4,-0.007998625671169213,0.048117498861012166,0.001145404531837313,-0.03699552893918458,0.018616903270223122
iid,cv_eta_0.8,cross_1_2,-0.05611785297242065,0.08408983017217872,-0.045735239698581065,-0.10585083000267591,-0.00864472535837726
iid,cv_eta_0.8,cross_1_3,-0.011712054515700964,0.05453296168478226,-0.00231260384086851,-0.04340242001537379,0.01962163936151555
iid,cv_eta_0.8,cross_1_4,-0.3798324557478271,0.10953599789025913,-0.4056127636039196,-0.44065423634410955,-0.31643395948818726
iid,cv_eta_0.8,cross_2_3,0.09003379679212163,0.03830814494559059,0.09118999403997474,0.06690404000933257,0.11041828583186934
iid,cv_eta_0.8,cross_2_4,-0.060849134157951054,0.06968219341930701,-0.06644309045140528,-0.101424536834742,-0.020903240404529344
iid,cv_eta_0.8,cross_3_4,-0.13756847568104796,0.09538612613206145,-0.14200088750057882,-0.19555863455560268,-0.08346282677930023
iid,cv_eta_0.8,parity,-0.005604129861615725,0.015657970101553134,-0.007914933872963048,-0.013857063197429244,0.004230896339808285
iid,cv_eta_0.8,narma10,0.4477254709712467,0.05471945024243627,0.442732260595141,0.41819685703806564,0.4828629026579456
iid,cv_eta_0.95,linear_capacity,0.24873351412518843,0.1719428095979517,0.269227637563377,0.15009947474125268,0.34597419731746565
iid,cv_eta_0.95,nonlinear_capacity,0.035901084947663954,0.040344063150950654,0.02002797120451577,0.012759990187543981,0.06074857307079976
iid,cv_eta_0.95,seconds,0.49385391999821876,0.1366861494602878,0.5581098499969812,0.4020442494969393,0.5642848342510477
iid,cv_eta_0.95,effective_rank,3.9441180932396827,1.0935037479320708,4.498005475747437,3.272032209301471,4.568215748269971
iid,cv_eta_0.95,linear_1,0.03255472911574806,0.10738813876261162,0.04352812411029383,-0.03526623336500213,0.08664708972751942
iid,cv_eta_0.95,quadratic_1,-0.09482009499994834,0.05887822363417806,-0.0804255057736466,-0.13091317478720269,-0.06397217996280516
iid,cv_eta_0.95,linear_2,0.05517726711521868,0.08260425715542362,0.0754241137867292,0.005806944514762686,0.09768242946041061
iid,cv_eta_0.95,quadratic_2,-0.08458854802321907,0.042619410574257624,-0.0813329799509025,-0.11215146797566217,-0.06325774113205337
iid,cv_eta_0.95,linear_3,0.054383054283313984,0.07773125335138688,0.056359172157544046,0.006751875227156273,0.09577433843060569
iid,cv_eta_0.95,quadratic_3,-0.05550139580517993,0.06012916492026556,-0.036156699729616326,-0.09583091408868889,-0.029267879095423784
iid,cv_eta_0.95,linear_4,0.027067735792688553,0.0812144766435342,0.059065068828755785,-0.02519988634797775,0.06309502111179653
iid,cv_eta_0.95,quadratic_4,-0.01872938134332407,0.049721199907050186,-0.004647684382883099,-0.05154402300940804,0.005351919535538132
iid,cv_eta_0.95,cross_1_2,-0.11690117360368209,0.065585565718039,-0.11685143211521432,-0.15990384177682654,-0.08261437133013992
iid,cv_eta_0.95,cross_1_3,-0.04558253319701416,0.10184186428057755,-0.02146804050187945,-0.10627765725602759,0.009524276663860005
iid,cv_eta_0.95,cross_1_4,-0.24485680625176204,0.11100718337750055,-0.20274312905317649,-0.3116620794623948,-0.1817245104569544
iid,cv_eta_0.95,cross_2_3,-0.053850880999722774,0.05896290491820205,-0.048228144693538755,-0.08866573792548181,-0.020229281634554477
iid,cv_eta_0.95,cross_2_4,-0.08554049856531516,0.09253909853720943,-0.06505485986934922,-0.1430249541429184,-0.034365640310834264
iid,cv_eta_0.95,cross_3_4,-0.03866915300167904,0.0471301362333334,-0.03512328572498169,-0.06897120083084342,-0.012569539337863117
iid,cv_eta_0.95,parity,-0.1094472643229379,0.04344791167574317,-0.10918568194889955,-0.13521048004520989,-0.08548326751485051
iid,cv_eta_0.95,narma10,0.2364139972179168,0.07974688491530389,0.2673821606120712,0.1875046253754356,0.2818760421704566
iid,cv_no_feedforward,linear_capacity,1.185913524058818,0.21805847094078384,1.2390739777225752,1.0401105487341595,1.273814972885205
iid,cv_no_feedforward,nonlinear_capacity,0.1718573423226454,0.07230257437433162,0.18782953409230374,0.12844418212650338,0.21191326615607115
iid,cv_no_feedforward,seconds,0.5983721500000684,0.3314911377825013,0.549713749998773,0.44016861849995625,0.8186236782523337
iid,cv_no_feedforward,effective_rank,2.734917844088194,0.35083918562384875,2.7983878431906497,2.5299713071320524,2.9411455414897327
iid,cv_no_feedforward,linear_1,0.5172515194288064,0.13509669066968896,0.5585953325359055,0.4282250321513254,0.5676048214785204
iid,cv_no_feedforward,quadratic_1,-0.06660117984222631,0.029177346015627603,-0.06183949310556147,-0.08449658479729906,-0.05087641644705845
iid,cv_no_feedforward,linear_2,0.26764214487535104,0.016816483895450898,0.2740223623819118,0.2564222676652621,0.2754214682994528
iid,cv_no_feedforward,quadratic_2,-0.05251733969100009,0.03529482378106504,-0.05916640824576136,-0.0726775054663088,-0.031166250847492076
iid,cv_no_feedforward,linear_3,0.2841072771688689,0.034872323216131755,0.294747048221114,0.26127025758545547,0.2972083943592081
iid,cv_no_feedforward,quadratic_3,-0.05896861408300573,0.03632209968091344,-0.050267890077219324,-0.08002295600736595,-0.03934122416518689
iid,cv_no_feedforward,linear_4,0.11691258258579174,0.04492372233854453,0.10785603306298142,0.09011858496466374,0.1419260472620578
iid,cv_no_feedforward,quadratic_4,0.004107297204652105,0.057836475556459155,0.013824544097338687,-0.029875333949234428,0.03557606485241872
iid,cv_no_feedforward,cross_1_2,-0.04304248023885414,0.07538686517136513,-0.03497349758574253,-0.08854817578464486,-0.002022927179244784
iid,cv_no_feedforward,cross_1_3,0.026818806381528205,0.05253085920091729,0.02812582473273334,-0.004247042680821653,0.05642035646636447
iid,cv_no_feedforward,cross_1_4,-0.37272454795788684,0.09273811287775384,-0.39163865623554317,-0.4235022014049211,-0.3187639676463303
iid,cv_no_feedforward,cross_2_3,0.08399502042055398,0.037756109133149356,0.07351524742974835,0.06228833275555201,0.10519103592608987
iid,cv_no_feedforward,cross_2_4,-0.037521763561010966,0.07064616795045385,-0.023915315059172215,-0.08136442174126558,0.002287241652375127
iid,cv_no_feedforward,cross_3_4,-0.12842339390132987,0.0899773370889703,-0.13299495931813976,-0.18214898550595712,-0.07732296736687724
iid,cv_no_feedforward,parity,-0.011704071755909174,0.015425755872260291,-0.014984498842945171,-0.019451587030986567,-0.0012989512553549176
iid,cv_no_feedforward,narma10,0.4467686183640406,0.0544384637483666,0.4347235608965583,0.41839139347213805,0.48255652005280236
iid,cv_no_temporal,linear_capacity,0.015017729949003134,0.001056000241616416,0.014622307785673694,0.014623972250634323,0.015702169024062913
iid,cv_no_temporal,nonlinear_capacity,0.001101850380646363,0.00039710391129486975,0.001249045367706092,0.0008435843263960932,0.0012589773719645688
iid,cv_no_temporal,seconds,0.5644702499979758,0.26319268688793174,0.5314572999996017,0.43412688324599,0.7394105952518293
iid,cv_no_temporal,effective_rank,1.0056788474871063,0.007268614886174765,1.00336681755059,1.0021872741378601,1.0103188649415982
iid,cv_no_temporal,linear_1,-0.002567257858232974,1.3046074989042931e-08,-0.0025672536665741763,-0.002567266138353439,-0.002567253674467158
iid,cv_no_temporal,quadratic_1,-0.04679682649512902,0.0014170661725263003,-0.04765405095038544,-0.04756626984027834,-0.045962387637027424
iid,cv_no_temporal,linear_2,-0.02099801913898821,0.008443286852264283,-0.02451496790761487,-0.024443999834722785,-0.01545304833513658
iid,cv_no_temporal,quadratic_2,-0.040130786309508795,9.290004600170214e-06,-0.04013375119689444,-0.040133751333486595,-0.04012490521332031
iid,cv_no_temporal,linear_3,0.014790581645200085,0.0003630223832229595,0.014622307785673694,0.014623972250634323,0.01502072411265377
iid,cv_no_temporal,quadratic_3,-0.0004993383378810945,3.440215203277518e-08,-0.0004993272695078543,-0.000499360169176763,-0.0004993272827329603
iid,cv_no_temporal,linear_4,-0.04164692578032632,5.04820475203251e-05,-0.041667299450990236,-0.04166729982928019,-0.04161528115396695
iid,cv_no_temporal,quadratic_4,0.0008812149267756863,0.001088452986753099,0.001249045367706092,0.000181677964784063,0.0012589773719645688
iid,cv_no_temporal,cross_1_2,-0.027094726874515508,0.006534134000736634,-0.0249132278354659,-0.03126845059624019,-0.024907564459735788
iid,cv_no_temporal,cross_1_3,-0.007508614402229785,0.0004857947587504761,-0.007692185143500785,-0.007698548766730936,-0.007193969506738296
iid,cv_no_temporal,cross_1_4,-0.016432735048019807,0.0036041432839260573,-0.017789133329160767,-0.017767276364173884,-0.01408671194058823
iid,cv_no_temporal,cross_2_3,-0.015257926310522895,4.199281521100422e-08,-0.015257939823327571,-0.015257939800860924,-0.015257899668518487
iid,cv_no_temporal,cross_2_4,-0.007484138731500933,6.97979964376674e-06,-0.007486863671856692,-0.007486863724397928,-0.00747972548959408
iid,cv_no_temporal,cross_3_4,-0.02341599910320613,0.006340740646404872,-0.025849548443120374,-0.02581832013741905,-0.019292465538265597
iid,cv_no_temporal,parity,-0.0068400706959901745,0.004077194812495145,-0.0054451081027873105,-0.009460282132098421,-0.005424034807521617
iid,cv_no_temporal,narma10,0.2550773204665484,5.40234457620391e-05,0.2551061160858702,0.2550425479447229,0.25510733861737084
iid,cv_noise_0.0,linear_capacity,1.200093641750883,0.22649530779814173,1.2404166989784313,1.046948282323259,1.2954811141944693
iid,cv_noise_0.0,nonlinear_capacity,0.13802619671579047,0.07164498583504167,0.1374872360114272,0.09764222061298068,0.1794558069434581
iid,cv_noise_0.0,seconds,0.4679043799987994,0.12417430956917438,0.4609794000061811,0.39474874349602035,0.538315044754454
iid,cv_noise_0.0,effective_rank,2.7385072417104643,0.35568722790715834,2.7982611503054238,2.531298523318518,2.950006928521939
iid,cv_noise_0.0,linear_1,0.5168859342630487,0.14029394154801705,0.5556721838641243,0.42388064417737764,0.5704153222356336
iid,cv_noise_0.0,quadratic_1,-0.06249145319475813,0.033029771424922284,-0.055628948245361465,-0.08244223974254677,-0.043099686206449404
iid,cv_noise_0.0,linear_2,0.27225051235548337,0.020001421404380607,0.2783555851916265,0.25886266290893245,0.2813289079401304
iid,cv_noise_0.0,quadratic_2,-0.08413719585789255,0.0386163777428891,-0.0913382385161422,-0.10656849265903542,-0.06153422903193657
iid,cv_noise_0.0,linear_3,0.28293379601396407,0.034745287624838896,0.29436412350013136,0.2596720973123647,0.2975589080066166
iid,cv_noise_0.0,quadratic_3,-0.04834346313623369,0.042662910444537155,-0.05687301644719944,-0.07140936640500672,-0.02414447076559881
iid,cv_noise_0.0,linear_4,0.128023399118387,0.04731758570564044,0.12450067650057234,0.09943564195370078,0.1543983009418445
iid,cv_noise_0.0,quadratic_4,-0.007998625671169213,0.048117498861012166,0.001145404531837313,-0.03699552893918458,0.018616903270223122
iid,cv_noise_0.0,cross_1_2,-0.05611785297242065,0.08408983017217872,-0.045735239698581065,-0.10585083000267591,-0.00864472535837726
iid,cv_noise_0.0,cross_1_3,-0.011712054515700964,0.05453296168478226,-0.00231260384086851,-0.04340242001537379,0.01962163936151555
iid,cv_noise_0.0,cross_1_4,-0.3798324557478271,0.10953599789025913,-0.4056127636039196,-0.44065423634410955,-0.31643395948818726
iid,cv_noise_0.0,cross_2_3,0.09003379679212163,0.03830814494559059,0.09118999403997474,0.06690404000933257,0.11041828583186934
iid,cv_noise_0.0,cross_2_4,-0.060849134157951054,0.06968219341930701,-0.06644309045140528,-0.101424536834742,-0.020903240404529344
iid,cv_noise_0.0,cross_3_4,-0.13756847568104796,0.09538612613206145,-0.14200088750057882,-0.19555863455560268,-0.08346282677930023
iid,cv_noise_0.0,parity,-0.005604129861615725,0.015657970101553134,-0.007914933872963048,-0.013857063197429244,0.004230896339808285
iid,cv_noise_0.0,narma10,0.4477254709712467,0.05471945024243627,0.442732260595141,0.41819685703806564,0.4828629026579456
iid,cv_noise_0.1,linear_capacity,1.2001786334312676,0.2264354649241601,1.2404963777965234,1.0470722105347599,1.2955708625696198
iid,cv_noise_0.1,nonlinear_capacity,0.1381247767983269,0.07162606570493348,0.137474464975597,0.09774150599107849,0.179468644083339
iid,cv_noise_0.1,seconds,0.5126721799970255,0.08115605025470889,0.5317537500013714,0.46101935324593796,0.5571917407481306
iid,cv_noise_0.1,effective_rank,2.738514486352151,0.3556993887823586,2.7982629585638605,2.531299290790316,2.950026392759731
iid,cv_noise_0.1,linear_1,0.5169009504836428,0.14027534437905684,0.5556763065074442,0.423911600435744,0.570419128102943
iid,cv_noise_0.1,quadratic_1,-0.0623880489872906,0.03297552645355099,-0.05562978337168789,-0.08230698580977401,-0.04302768319300231
iid,cv_noise_0.1,linear_2,0.2722718147316736,0.019980051035167482,0.2783549285376213,0.2588975707247331,0.28133910947087765
iid,cv_noise_0.1,quadratic_2,-0.08409775079538655,0.03863394045881401,-0.09117855796840824,-0.10654448381711863,-0.061486235229118884
iid,cv_noise_0.1,linear_3,0.2829712062216248,0.03473165788733445,0.2944134342456306,0.2597203616125776,0.2975903964538803
iid,cv_noise_0.1,quadratic_3,-0.04833247158363624,0.04267997683980393,-0.056883733185236984,-0.07140005955284591,-0.02410330880611508
iid,cv_noise_0.1,linear_4,0.12803466199432634,0.04730376778865944,0.12450058756759291,0.09945549518342278,0.1543744111848429
iid,cv_noise_0.1,quadratic_4,-0.00804556748484252,0.04820226171653419,0.0011667546668795992,-0.03708833818619046,0.01859453619902454
iid,cv_noise_0.1,cross_1_2,-0.0559725580035486,0.08400435911765963,-0.04571232048065055,-0.10558428994628491,-0.00850832936256004
iid,cv_noise_0.1,cross_1_3,-0.011581873740476378,0.0544375974671159,-0.002312172061747164,-0.043201065423541136,0.01969825180662559
iid,cv_noise_0.1,cross_1_4,-0.3798062196978468,0.10954583332092137,-0.40558324697534454,-0.4406310225053935,-0.31640626875320743
iid,cv_noise_0.1,cross_2_3,0.09005435229143623,0.038267358372334505,0.09113713194436363,0.06694727639587233,0.11039504387138797
iid,cv_noise_0.1,cross_2_4,-0.06082610779359656,0.06965124803579509,-0.0664657985873156,-0.10137780486628359,-0.02086328371418854
iid,cv_noise_0.1,cross_3_4,-0.13747655356888597,0.09530905806803731,-0.1418662086502025,-0.19536803009094186,-0.08348297586077988
iid,cv_noise_0.1,parity,-0.005587652946462141,0.015642619012809843,-0.007880587094045266,-0.013840248733062822,0.004234024947312014
iid,cv_noise_0.1,narma10,0.4477151736474315,0.0547066919228142,0.4427690823742417,0.41817194832894683,0.48283026753374686
iid,cv_window,linear_capacity,3.000568243746684,0.0010629682919880963,3.000109979892634,3.0000697977089863,3.0012673195830706
iid,cv_window,nonlinear_capacity,2.2604777806548775,0.03676064565961832,2.2669529662946393,2.23700845300061,2.2806859962917816
iid,cv_window,seconds,2.138026670002728,0.49709889257212564,2.293541049999476,1.8151332294996974,2.405295454004299
iid,cv_window,effective_rank,1.8644283185598998,0.062412977514352444,1.87383680898404,1.8267254924942753,1.8986095265646947
iid,cv_window,linear_1,0.999999999862831,4.126891887995371e-10,0.9999999999936606,0.9999999996005033,0.9999999999960426
iid,cv_window,quadratic_1,0.04340226410488297,0.021600360581103928,0.03566080976367991,0.031357997958934604,0.0566411464450823
iid,cv_window,linear_2,0.9999999994661012,1.6095724719568493e-09,0.9999999999761346,0.9999999984431346,0.9999999999852611
iid,cv_window,quadratic_2,0.2208963467115058,0.01122121461230456,0.2176692517107865,0.21413059301924076,0.22710888493000037
iid,cv_window,linear_3,0.9999999998003715,6.009816676727658e-10,0.9999999999909686,0.9999999994183383,0.999999999994423
iid,cv_window,quadratic_3,0.664553705714493,0.03650461496440566,0.6746653017595612,0.6438594665103986,0.6867514368759645
iid,cv_window,linear_4,0.00021533165376877995,0.0013268723279874768,3.5973019877122425e-05,-0.0004597274227474538,0.0010866719800745135
iid,cv_window,quadratic_4,0.004888204449569222,0.005771149627181793,0.004829825944952737,0.0014859645041036046,0.008173232028053984
iid,cv_window,cross_1_2,0.506988751861946,0.03357330388579454,0.5182011158816131,0.48417700258775703,0.522377501863037
iid,cv_window,cross_1_3,0.2697049697846951,0.006834952755909753,0.2662701408795581,0.2660839586389795,0.2737646036486665
iid,cv_window,cross_1_4,-0.023245287524693868,0.010338180860437791,-0.02692486697096297,-0.028111095328540406,-0.016476805658950582
iid,cv_window,cross_2_3,0.532814987246012,0.006448891709083751,0.5352517223850357,0.528580479366217,0.535750986216404
iid,cv_window,cross_2_4,-0.04414223183954839,0.013840044278722968,-0.03954922609589562,-0.05237345617999998,-0.03602299218669275
iid,cv_window,cross_3_4,0.016347446156838353,0.0020145710495641784,0.016255494197526754,0.014983243190349807,0.017328272392157524
iid,cv_window,parity,0.04690635787380135,0.023663670479842018,0.05852797222424322,0.03158248774115015,0.05769921453866118
iid,cv_window,narma10,0.31229829042817175,0.008704207906936677,0.307891862076655,0.3078365211216545,0.31799344516160116
iid,cv_zero_coupling,linear_capacity,0.017127308250104778,0.0,0.017127308250104778,0.017127308250104778,0.017127308250104778
iid,cv_zero_coupling,nonlinear_capacity,0.0,0.0,0.0,0.0,0.0
iid,cv_zero_coupling,seconds,0.5533364199960488,0.24095688935447093,0.5192845999918063,0.4152947279968066,0.7054272302463502
iid,cv_zero_coupling,effective_rank,1.0,0.0,1.0,1.0,1.0
iid,cv_zero_coupling,linear_1,-0.006609754606323515,0.0,-0.006609754606323515,-0.006609754606323515,-0.006609754606323515
iid,cv_zero_coupling,quadratic_1,-0.01514416443030786,0.0,-0.01514416443030786,-0.01514416443030786,-0.01514416443030786
iid,cv_zero_coupling,linear_2,0.0016698361007213558,0.0,0.0016698361007213558,0.0016698361007213558,0.0016698361007213558
iid,cv_zero_coupling,quadratic_2,-0.02440314226257745,0.0,-0.02440314226257745,-0.02440314226257745,-0.02440314226257745
iid,cv_zero_coupling,linear_3,0.015457472149383422,0.0,0.015457472149383422,0.015457472149383422,0.015457472149383422
iid,cv_zero_coupling,quadratic_3,-0.013322616276455479,0.0,-0.013322616276455479,-0.013322616276455479,-0.013322616276455479
iid,cv_zero_coupling,linear_4,-0.023703865211623487,0.0,-0.023703865211623487,-0.023703865211623487,-0.023703865211623487
iid,cv_zero_coupling,quadratic_4,-0.0030147335688024413,0.0,-0.0030147335688024413,-0.0030147335688024413,-0.0030147335688024413
iid,cv_zero_coupling,cross_1_2,-0.049982902009233277,0.0,-0.049982902009233277,-0.049982902009233277,-0.049982902009233277
iid,cv_zero_coupling,cross_1_3,-0.005873986399767661,0.0,-0.005873986399767661,-0.005873986399767661,-0.005873986399767661
iid,cv_zero_coupling,cross_1_4,-0.0054150263720949,0.0,-0.0054150263720949,-0.0054150263720949,-0.0054150263720949
iid,cv_zero_coupling,cross_2_3,-0.004526273790530944,0.0,-0.004526273790530944,-0.004526273790530944,-0.004526273790530944
iid,cv_zero_coupling,cross_2_4,-0.0037855144065210844,0.0,-0.0037855144065210844,-0.0037855144065210844,-0.0037855144065210844
iid,cv_zero_coupling,cross_3_4,-0.004230383754530553,0.0,-0.004230383754530553,-0.004230383754530553,-0.004230383754530553
iid,cv_zero_coupling,parity,-0.021328916266735165,0.0,-0.021328916266735165,-0.021328916266735165,-0.021328916266735165
iid,cv_zero_coupling,narma10,0.2570992852454797,5.851389114294502e-17,0.25709928524547965,0.2570992852454797,0.2570992852454797
iid,delay,linear_capacity,3.007751450640538,0.0,3.007751450640538,3.007751450640538,3.007751450640538
iid,delay,nonlinear_capacity,0.0543206504617334,0.0,0.0543206504617334,0.0543206504617334,0.0543206504617334
iid,delay,seconds,0.020976539999537636,0.003955577522876248,0.021202999996603467,0.01852237950104609,0.02317019100053585
iid,delay,effective_rank,3.9832418016212023,0.0,3.9832418016212023,3.9832418016212023,3.9832418016212023
iid,delay,linear_1,1.0,0.0,1.0,1.0,1.0
iid,delay,quadratic_1,-0.024267769430175834,0.0,-0.024267769430175834,-0.024267769430175834,-0.024267769430175834
iid,delay,linear_2,1.0,0.0,1.0,1.0,1.0
iid,delay,quadratic_2,-0.00885676864685947,0.0,-0.00885676864685947,-0.00885676864685947,-0.00885676864685947
iid,delay,linear_3,1.0,0.0,1.0,1.0,1.0
iid,delay,quadratic_3,-0.011965776703585673,0.0,-0.011965776703585673,-0.011965776703585673,-0.011965776703585673
iid,delay,linear_4,0.007751450640538171,0.0,0.007751450640538171,0.007751450640538171,0.007751450640538171
iid,delay,quadratic_4,-0.007001755156686995,0.0,-0.007001755156686995,-0.007001755156686995,-0.007001755156686995
iid,delay,cross_1_2,-0.00921435870795051,0.0,-0.00921435870795051,-0.00921435870795051,-0.00921435870795051
iid,delay,cross_1_3,-0.0052677527584108486,0.0,-0.0052677527584108486,-0.0052677527584108486,-0.0052677527584108486
iid,delay,cross_1_4,-0.0006204452194393806,0.0,-0.0006204452194393806,-0.0006204452194393806,-0.0006204452194393806
iid,delay,cross_2_3,0.0543206504617334,0.0,0.0543206504617334,0.0543206504617334,0.0543206504617334
iid,delay,cross_2_4,-0.02464481076138303,0.0,-0.02464481076138303,-0.02464481076138303,-0.02464481076138303
iid,delay,cross_3_4,-0.001963097581672457,0.0,-0.001963097581672457,-0.001963097581672457,-0.001963097581672457
iid,delay,parity,-0.015031256753001987,0.0,-0.015031256753001987,-0.015031256753001987,-0.015031256753001987
iid,delay,narma10,0.3362295291219458,0.0,0.3362295291219458,0.3362295291219458,0.3362295291219458
iid,esn_14,linear_capacity,2.182338388004522,0.3183038012361625,2.098596076401982,2.015841080914009,2.3832091966850406
iid,esn_14,nonlinear_capacity,1.9981934161147912,0.580758428282309,1.91178271352526,1.6607614184871495,2.3315614103070317
iid,esn_14,seconds,0.0307393899987801,0.005637646259245115,0.03188859999499982,0.027329456247825873,0.03382807974907336
iid,esn_14,effective_rank,1.4861053943343456,0.172430589355576,1.4652186582376325,1.3883977795176756,1.5983263789870876
iid,esn_14,linear_1,0.9956090607536554,0.002178911872770473,0.99577016383594,0.994327480808648,0.9968158096881705
iid,esn_14,quadratic_1,0.9366981992212265,0.03900079293677524,0.9515449473109493,0.9130959843142119,0.9581042923308513
iid,esn_14,linear_2,0.9158890004103751,0.05979098817712285,0.9200715451055596,0.8804524825296551,0.9495346456708035
iid,esn_14,quadratic_2,0.37572687183719694,0.27412865006917064,0.33405255314717913,0.2156679877033224,0.5354082776141307
iid,esn_14,linear_3,0.26495803290334535,0.2915466305322225,0.16613421998466427,0.11142516334248571,0.44917532589858755
iid,esn_14,quadratic_3,0.020948611129960392,0.0701565540381275,0.007122623105567272,-0.01750278101506699,0.06260254586158517
iid,esn_14,linear_4,-0.04037297129611295,0.03848044313357242,-0.047646275806171645,-0.060714571376332314,-0.015572275815803902
iid,esn_14,quadratic_4,-0.01597466263019458,0.03012643761953941,-0.004924645490668178,-0.03444003528569409,0.00032469576055537926
iid,esn_14,cross_1_2,0.4823520202635393,0.2676201403765016,0.5163197961916428,0.32766508582081777,0.6438552516943729
iid,esn_14,cross_1_3,0.11642155521983086,0.06809760951146106,0.13668701871620692,0.07567612410924159,0.1547304554101189
iid,esn_14,cross_1_4,0.008724437344904534,0.04858199395261422,0.014536603401321013,-0.02033677058328584,0.036594894930112705
iid,esn_14,cross_2_3,-0.05193199198312247,0.1227640788435543,-0.028133430806305815,-0.13132554374611818,0.015587016381677336
iid,esn_14,cross_2_4,-0.02848929920262323,0.04184980592396325,-0.019115537031015095,-0.05553790322948388,-0.007020293002468296
iid,esn_14,cross_3_4,-0.14354743634877784,0.043319051579600226,-0.15920601248714494,-0.16772613036941178,-0.11717495807710107
iid,esn_14,parity,0.041145194760424705,0.042258458573762994,0.04738566486169854,0.014922978202798351,0.06383000763674969
iid,esn_14,narma10,0.3424150953984545,0.011076271364035889,0.3413743048959282,0.33626049303044786,0.3489787038016761
iid,esn_3,linear_capacity,0.8867483468250793,0.5600097329536394,0.7761031428317424,0.5771860332292027,1.2295249245672293
iid,esn_3,nonlinear_capacity,0.2527036546997574,0.27832387561738736,0.10863591463424316,0.10679571555171541,0.4225463559806478
iid,esn_3,seconds,0.022031810000771656,0.009510630738320841,0.020519350000540726,0.01727328825094446,0.02818344125014845
iid,esn_3,effective_rank,1.2010410213336173,0.1693275407693239,1.1787524448231768,1.1010425402135071,1.2991850522876296
iid,esn_3,linear_1,0.6524762494266911,0.2579067332488795,0.6643790440770737,0.49751904829210164,0.7997183738496071
iid,esn_3,quadratic_1,0.16063073163711122,0.27929038976088294,0.035261303831633284,0.014498579861652894,0.33052577854122694
iid,esn_3,linear_2,0.18464192385042294,0.3127666628731775,0.04696643322602234,0.02501311830410734,0.3899918503360256
iid,esn_3,quadratic_2,-0.03826952091814671,0.03544719726704856,-0.029936508519830318,-0.060509286333407075,-0.02010356100297704
iid,esn_3,linear_3,0.03237131365946107,0.03450383775206052,0.023884515808506257,0.015196671183865527,0.054013959703083626
iid,esn_3,quadratic_3,-0.01281274667675134,0.01582246585960576,-0.009466850122526793,-0.022617900860643483,-0.004189242227525504
iid,esn_3,linear_4,-0.014903149963655715,0.03360401969792791,-0.01028686037288462,-0.034362448415338726,0.004674743065165326
iid,esn_3,quadratic_4,-0.007870407579935335,0.01605249453176422,-0.00441233482439829,-0.017474051348273553,0.0010504145942226975
iid,esn_3,cross_1_2,0.00668271995808567,0.055816288892638226,0.015215528255036748,-0.02801377321233044,0.03700145093891216
iid,esn_3,cross_1_3,0.01766630953760471,0.039533763247738635,0.020030314725228315,-0.0034607201315289627,0.042451157525075896
iid,esn_3,cross_1_4,-0.001033988535839081,0.031763919960625976,-0.010896849348824733,-0.01774673133014566,0.018462696507125006
iid,esn_3,cross_2_3,-0.01644044380729993,0.027972186779047257,-0.013619675629296779,-0.033572105379154955,-0.0013640118721847184
iid,esn_3,cross_2_4,0.0003770447908207353,0.030409966015297437,-0.008454894588806439,-0.015805140542341185,0.019767508476029698
iid,esn_3,cross_3_4,-0.03796739419545927,0.03200068546540537,-0.029810210543333437,-0.05818965911402903,-0.020844900367397938
iid,esn_3,parity,1.924738770295864e-05,0.019934254654804254,-0.0060735115654572125,-0.010970661439146972,0.01254409743184521
iid,esn_3,narma10,0.3295651447257761,0.05524867182202011,0.32266858264363335,0.29655146522665865,0.360602683115495
iid,graphix,linear_capacity,0.6839168836045042,0.3268201131402586,0.8023045446181822,0.48609375393676557,0.8645616720161806
iid,graphix,nonlinear_capacity,0.3838349947483889,0.3206804220417253,0.3146163998973185,0.20988497902107092,0.5813102248007107
iid,graphix,seconds,2.1833374099980576,3.24000604237057,1.2496683499994106,1.0420231904960018,4.292558732747603
iid,graphix,effective_rank,1.758871504712864,0.3525407867302575,1.7217564779825842,1.5466091458627356,1.9543989233734333
iid,graphix,linear_1,0.6763812430903176,0.32438629866021473,0.8001252254489986,0.47915319685131635,0.8537474189251333
iid,graphix,quadratic_1,0.32465336686803614,0.3177988830164835,0.25557772878142165,0.15146295809206514,0.5201507387511141
iid,graphix,linear_2,-0.02336165566107997,0.01025390533255272,-0.02322168778773126,-0.029467505686614274,-0.017738051938942578
iid,graphix,quadratic_2,-0.014014852082578532,0.02787410514410895,-0.0013788441692554887,-0.03197082354254936,-0.001200944781193571
iid,graphix,linear_3,0.005557048786940277,0.005847990211138586,0.0038579591817146097,0.0023811193367211077,0.009148342652802649
iid,graphix,quadratic_3,-0.015461062061762454,0.01575121815598815,-0.014385284049707625,-0.02447522960570675,-0.006277708170539051
iid,graphix,linear_4,-0.017206051328185312,0.01898920631613212,-0.020354367559966002,-0.027897556112379762,-0.006332569681479875
iid,graphix,quadratic_4,-0.014185858213084001,0.010421664288939765,-0.01509469305419997,-0.02024424800170422,-0.008036000981801572
iid,graphix,cross_1_2,-0.007949021451560378,0.02787721434948015,-0.0025599562563110023,-0.02478115771487089,0.006667316932673212
iid,graphix,cross_1_3,0.004380442468069468,0.03601777919405428,0.0017265735416825412,-0.017253156760510212,0.02495846606931237
iid,graphix,cross_1_4,0.025835340814986663,0.04154277657049023,0.018895035056127718,0.0023995793116442076,0.05021410246717827
iid,graphix,cross_2_3,-0.009025449253226936,0.013707577850572632,-0.007633758870964957,-0.017646353004342433,-0.0015216978729793145
iid,graphix,cross_2_4,-0.016744563651010135,0.006693136868679615,-0.01631830824433156,-0.020737082461639883,-0.012880081701438064
iid,graphix,cross_3_4,-0.03377586649402329,0.014358970420717302,-0.037029648581818786,-0.041953679331314435,-0.025347966491450963
iid,graphix,parity,0.012529326116670203,0.02162484789246029,0.01700176281579996,-0.00010680009692396765,0.025215627214062092
iid,graphix,narma10,0.31837789432396457,0.039574804867944464,0.326271843546288,0.2938305116293173,0.3404821079801655
iid,graphix_no_entanglement,linear_capacity,0.038164734417172795,0.016936115290997266,0.0400790358760339,0.02895342866859093,0.04853063241943825
iid,graphix_no_entanglement,nonlinear_capacity,0.07381212113119742,0.09644884145123889,0.023837139999776935,0.023963152791013492,0.13532463100325234
iid,graphix_no_entanglement,seconds,0.956287209999573,0.2688346656459596,0.9301160999966669,0.7973948984993694,1.120758200747914
iid,graphix_no_entanglement,effective_rank,1.9999622324402746,8.356647278574134e-05,1.99998928833712,1.9999082801066115,1.9999932124972057
iid,graphix_no_entanglement,linear_1,-0.0018769201455150375,0.013926750848628674,-0.0038914278442457872,-0.009468639639487795,0.006751569540972684
iid,graphix_no_entanglement,quadratic_1,-0.022960708385899375,0.023085422517663205,-0.015334602481991144,-0.03817109042498852,-0.011362409868588958
iid,graphix_no_entanglement,linear_2,0.01289812121258369,0.011306974985912332,0.011768731615419026,0.007125869055373949,0.020110256430791732
iid,graphix_no_entanglement,quadratic_2,-0.029094533053181347,0.012946325580789205,-0.02440585481698143,-0.037433632171233286,-0.023593100484235397
iid,graphix_no_entanglement,linear_3,0.02097036395845363,0.008296032739327169,0.019402341943715984,0.01634220807661949,0.026059708569705953
iid,graphix_no_entanglement,quadratic_3,-0.022279004750941377,0.01833951038963236,-0.02130930431162803,-0.03361242100694872,-0.01210615857736051
iid,graphix_no_entanglement,linear_4,-0.04861983011683189,0.0358984121927307,-0.02891215306878958,-0.07160902523718442,-0.029577333348628856
iid,graphix_no_entanglement,quadratic_4,-0.005146654399848993,0.014730512238874536,-0.005479320995495085,-0.013741014946335547,0.0035221596269357476
iid,graphix_no_entanglement,cross_1_2,-0.02248511989867922,0.03769748441552741,-0.04259919691181091,-0.04257560185400999,0.0009170166488557055
iid,graphix_no_entanglement,cross_1_3,0.002180430806611977,0.007780396565938727,0.0013904790112165832,-0.002049450246824847,0.0070667910086443
iid,graphix_no_entanglement,cross_1_4,-0.08983239138094046,0.128713687116223,-0.012495708301089814,-0.17262214156334094,-0.023327699415304704
iid,graphix_no_entanglement,cross_2_3,0.033045457977345385,0.04538286692766041,0.004297351726083254,0.009118765470180463,0.05970761322107214
iid,graphix_no_entanglement,cross_2_4,-0.0067788426159354764,0.011039103926335302,-0.005074713811305864,-0.013658694000146923,-0.00048224133627473116
iid,graphix_no_entanglement,cross_3_4,0.01751839733063184,0.03968295713387587,-0.002442240641161497,-0.003083526919089196,0.04310388084139722
iid,graphix_no_entanglement,parity,-0.005123772899629319,0.025597212109921306,-0.012341030850702928,-0.019524290546584222,0.009849706702448476
iid,graphix_no_entanglement,narma10,0.24287176463843507,0.03938078872200948,0.25429484158504695,0.2170779702491874,0.2638608826996465
iid,input_only_14,linear_capacity,0.012899451275097118,0.005081683552433631,0.013674054716445116,0.009718998063334656,0.015608982106403473
iid,input_only_14,nonlinear_capacity,0.06066335099352431,0.017102206434001163,0.05679522486007299,0.05200782672816675,0.07145686041885539
iid,input_only_14,seconds,0.02725464999966789,0.007964910894924479,0.026651349995518103,0.022491796747672196,0.03174071374804043
iid,input_only_14,effective_rank,1.2417451347624997,0.0758179620802607,1.2660595054362147,1.1959339610718398,1.281481294096369
iid,input_only_14,linear_1,-0.0007565276413761702,0.0023883538981918297,-0.0012741556683507627,-0.002123045616415709,0.0007548456967246899
iid,input_only_14,quadratic_1,-0.04819518583338287,0.018455564215661933,-0.0514004614240372,-0.059646241966087706,-0.03755553017208784
iid,input_only_14,linear_2,-0.041253379890407185,0.005721089306270224,-0.041621175467578264,-0.044376215668446024,-0.03758463108468052
iid,input_only_14,quadratic_2,-0.049627788121765715,0.013010321843305856,-0.04657202795389925,-0.057929252677446384,-0.042809868028551745
iid,input_only_14,linear_3,0.012262501819419337,0.005024314330838104,0.011536827262558835,0.009181044441191093,0.015062613752014687
iid,input_only_14,quadratic_3,-0.013234298950672662,0.013397042647747706,-0.012025654730846158,-0.02098924684647283,-0.0057850280717528435
iid,input_only_14,linear_4,-0.06959069804696834,0.002163858845824332,-0.0696913390176378,-0.07079924634459213,-0.06837468046396639
iid,input_only_14,quadratic_4,0.009817322312534616,0.0037304624528933373,0.010623942335569236,0.00748534530393011,0.011753422319783996
iid,input_only_14,cross_1_2,0.040154650759946786,0.004350491216934952,0.04157130071314008,0.037591566130354415,0.04255137561176194
iid,input_only_14,cross_1_3,0.00907980010474535,0.011677083854007083,0.00709404110673989,0.0024258727513084416,0.016281385456553308
iid,input_only_14,cross_1_4,-0.023213145341148,0.00853344802983546,-0.023865025472856072,-0.02846663895406562,-0.018558766767470196
iid,input_only_14,cross_2_3,-0.06705496827623822,0.019986763402637678,-0.0735790596860032,-0.0775418069336717,-0.05451214485805998
iid,input_only_14,cross_2_4,-0.01914883395631257,0.011520994563122866,-0.01719477537841896,-0.026622221314619363,-0.01244996661477029
iid,input_only_14,cross_3_4,-0.08140973839650748,0.015409094191476338,-0.08431354513649159,-0.08975387779018586,-0.07210669538885865
iid,input_only_14,parity,-0.033979118496997654,0.018171470891795494,-0.03631554419059002,-0.043416474625279186,-0.02268858587560325
iid,input_only_14,narma10,0.25037126871964693,0.009543294551997499,0.25189405630716877,0.24432380952712732,0.2554986712462122
iid,input_only_3,linear_capacity,0.01663395380627879,0.003566400269348684,0.016598418972617934,0.014610662570956804,0.018627893761767215
iid,input_only_3,nonlinear_capacity,0.02271904222182065,0.020576632677679806,0.013320396296238324,0.011784342248507119,0.03563687526455153
iid,input_only_3,seconds,0.017336369995609856,0.004980695536370559,0.018348899997363333,0.014260884493814956,0.0200663042447195
iid,input_only_3,effective_rank,1.0773157426020152,0.1285689832811691,1.0107419517861604,1.0098389658238573,1.1636742214936802
iid,input_only_3,linear_1,-0.004636700838425334,0.00409890668263765,-0.0035447355733195796,-0.007113240620712016,-0.002391427550312164
iid,input_only_3,quadratic_1,-0.04120919818904434,0.01747955272630357,-0.04567520241948109,-0.050998659962238034,-0.030755815292656273
iid,input_only_3,linear_2,-0.043195071647971074,0.016562120291688014,-0.04595902384505979,-0.051986089071165725,-0.03246258722177557
iid,input_only_3,quadratic_2,-0.04555462859147883,0.007962207577865598,-0.045628659956171935,-0.050257315535147555,-0.04095201389333705
iid,input_only_3,linear_3,0.01663395380627879,0.003566400269348684,0.016598418972617934,0.014610662570956804,0.018627893761767215
iid,input_only_3,quadratic_3,-0.00354936582773292,0.012317154408644516,-0.0024487175562777352,-0.011647954313902711,0.002066624468180203
iid,input_only_3,linear_4,-0.0425659149401989,0.01499607767510171,-0.03741018350515146,-0.05200924377863735,-0.03488480088333318
iid,input_only_3,quadratic_4,0.004176012931305961,0.0026348908126954214,0.003725130948183719,0.0026612637983189358,0.005779647561471624
iid,input_only_3,cross_1_2,2.424835707840467e-05,0.02603770638259057,-0.0006227817019370807,-0.015148873703473899,0.01509472201811404
iid,input_only_3,cross_1_3,0.0006661951639271412,0.01718286674759697,0.003968385814188957,-0.010516650233310684,0.009335657504097233
iid,input_only_3,cross_1_4,-0.014603883844103983,0.0029102400515806496,-0.014329288662224826,-0.016366535887425874,-0.013058375863479896
iid,input_only_3,cross_2_3,-0.035133708468455115,0.03063028760310294,-0.022826810300523026,-0.0553591579482756,-0.019103987014265342
iid,input_only_3,cross_2_4,-0.008131754927591384,0.00725493845886914,-0.008756245873513424,-0.01234280707796574,-0.0036361868552941615
iid,input_only_3,cross_3_4,-0.043425459192224646,0.031897705655600184,-0.030241969375610522,-0.06270727599443035,-0.02564952503017876
iid,input_only_3,parity,-0.02096103043482427,0.017734135425123893,-0.015659079050295732,-0.031345631997495495,-0.011651137158097458
iid,input_only_3,narma10,0.257227416805406,0.005671463598505683,0.2568091358874256,0.25398408176463105,0.26059450947909474
iid,persistence,linear_capacity,0.017127308263850005,0.0,0.017127308263850005,0.017127308263850005,0.017127308263850005
iid,persistence,nonlinear_capacity,0.0,0.0,0.0,0.0,0.0
iid,persistence,seconds,0.01613309000094887,0.006431878017204052,0.014172250004776288,0.012629037999395222,0.019914793499847292
iid,persistence,effective_rank,1.0,0.0,1.0,1.0,1.0
iid,persistence,linear_1,-0.006609754621145436,0.0,-0.006609754621145436,-0.006609754621145436,-0.006609754621145436
iid,persistence,quadratic_1,-0.015137221592813166,0.0,-0.015137221592813166,-0.015137221592813166,-0.015137221592813166
iid,persistence,linear_2,0.0016698361042872811,0.0,0.0016698361042872811,0.0016698361042872811,0.0016698361042872811
iid,persistence,quadratic_2,-0.024422080096016652,0.0,-0.024422080096016652,-0.024422080096016652,-0.024422080096016652
iid,persistence,linear_3,0.015457472159562724,0.0,0.015457472159562724,0.015457472159562724,0.015457472159562724
iid,persistence,quadratic_3,-0.013322616300274648,0.0,-0.013322616300274648,-0.013322616300274648,-0.013322616300274648
iid,persistence,linear_4,-0.023765395177767212,0.0,-0.023765395177767212,-0.023765395177767212,-0.023765395177767212
iid,persistence,quadratic_4,-0.003015731783089448,0.0,-0.003015731783089448,-0.003015731783089448,-0.003015731783089448
iid,persistence,cross_1_2,-0.04998290211441336,0.0,-0.04998290211441336,-0.04998290211441336,-0.04998290211441336
iid,persistence,cross_1_3,-0.005890950922194049,0.0,-0.005890950922194049,-0.005890950922194049,-0.005890950922194049
iid,persistence,cross_1_4,-0.005415026378421173,0.0,-0.005415026378421173,-0.005415026378421173,-0.005415026378421173
iid,persistence,cross_2_3,-0.004527981914951518,0.0,-0.004527981914951518,-0.004527981914951518,-0.004527981914951518
iid,persistence,cross_2_4,-0.003791471629284171,0.0,-0.003791471629284171,-0.003791471629284171,-0.003791471629284171
iid,persistence,cross_3_4,-0.004230383747040545,0.0,-0.004230383747040545,-0.004230383747040545,-0.004230383747040545
iid,persistence,parity,-0.0213289162926662,0.0,-0.0213289162926662,-0.0213289162926662,-0.0213289162926662
iid,persistence,narma10,0.2571826885235325,5.851389114294502e-17,0.25718268852353243,0.2571826885235325,0.2571826885235325
iid,rff_14,linear_capacity,2.84901750351494,0.15175575201503083,2.893079231618736,2.755152466275769,2.9259334607349605
iid,rff_14,nonlinear_capacity,3.7902902392072066,0.3822642187440952,3.8343643459319727,3.525685781764661,3.985702291529854
iid,rff_14,seconds,0.027141970001684966,0.005009133940735634,0.028618950003874488,0.023971355998255603,0.02977991075335012
iid,rff_14,effective_rank,7.1310297115535475,0.7519930560770831,7.077340096853353,6.715104314493276,7.59192160538765
iid,rff_14,linear_1,0.9649019802976225,0.027282385420406736,0.97638652232764,0.9474544878408924,0.978250817742142
iid,rff_14,quadratic_1,0.4893418684068077,0.25935965135652084,0.5645875605079718,0.3307806797452689,0.6311194573262947
iid,rff_14,linear_2,0.9461071482972063,0.046978158953573095,0.9596297953758443,0.9171884199529069,0.9704374057415398
iid,rff_14,quadratic_2,0.6446114172691507,0.29117650816972435,0.7501803948052355,0.46074156626508456,0.801783651447336
iid,rff_14,linear_3,0.9334247279693318,0.07802457431609099,0.9601334607371066,0.8843071272448685,0.9726335619426758
iid,rff_14,quadratic_3,0.6035947833988492,0.2058434788566907,0.6979570079497543,0.47252498439977875,0.7166796550553768
iid,rff_14,linear_4,-0.03346073398993073,0.03609080766038563,-0.04314437337948285,-0.05500706448746892,-0.011821517267537916
iid,rff_14,quadratic_4,-0.05286721401570184,0.0508879469267389,-0.056484000521366484,-0.08187744024274683,-0.02375251879013758
iid,rff_14,cross_1_2,0.5987397340650619,0.1570831701340937,0.6244095775832131,0.4924260343674913,0.6819370711459942
iid,rff_14,cross_1_3,0.7660408466349653,0.0977856348418635,0.760874236401698,0.7056288669207492,0.8185311551722294
iid,rff_14,cross_1_4,-0.04480788099635662,0.04449941325724641,-0.04305860201831102,-0.07063926335794778,-0.018011166268781822
iid,rff_14,cross_2_3,0.6686607766723278,0.15649042776830416,0.6811737016284178,0.5744255123995038,0.754421387152679
iid,rff_14,cross_2_4,-0.03309563977017617,0.05933822587978021,-0.027775711387299618,-0.06795066948170207,0.0010824005341600906
iid,rff_14,cross_3_4,-0.05308247650052829,0.07599547405180275,-0.03342432100350323,-0.10414340103904561,-0.014531507265021244
iid,rff_14,parity,0.12059394159718488,0.06279254008084875,0.1206419127251046,0.07924693093463955,0.15684535404366357
iid,rff_14,narma10,0.2939449700233333,0.049026745705950676,0.29717263543724864,0.2661966539899816,0.3226621407565147
iid,rff_3,linear_capacity,1.328686784525642,0.6114335999403101,1.0702802881193316,1.0274804188737643,1.7425261628172732
iid,rff_3,nonlinear_capacity,0.7177225302849786,0.33143329257644405,0.7380230439215074,0.526085605640727,0.8961390246871898
iid,rff_3,seconds,0.016982750000897794,0.004043120331560925,0.017131450003944337,0.014458847997593694,0.019165904999936173
iid,rff_3,effective_rank,2.477181490079887,0.2881131311530614,2.516267723160837,2.3088441168206573,2.6453109961303998
iid,rff_3,linear_1,0.5162075684815595,0.28918553027332355,0.49904761051883945,0.35020348964051845,0.6857909676893492
iid,rff_3,quadratic_1,0.02563711113183568,0.123129399135927,0.0013089919985239118,-0.042660843024445456,0.10651940218095603
iid,rff_3,linear_2,0.46211557478687154,0.3158293422230093,0.41987886432644894,0.2893674593616147,0.6533657329747794
iid,rff_3,quadratic_2,0.10970858519779378,0.14806128513335362,0.058019099592911405,0.028862584949828747,0.20212795240028064
iid,rff_3,linear_3,0.3503636412572112,0.3326357405578104,0.2359664326571313,0.18098269428648267,0.5547320370316292
iid,rff_3,quadratic_3,0.17605750094377887,0.2134917407064429,0.13270396350486913,0.06670910404607316,0.313780324277855
iid,rff_3,linear_4,-0.024611614677279302,0.01998750321973225,-0.020276314312306143,-0.037077202819383835,-0.013998618217069313
iid,rff_3,quadratic_4,-0.022496944648137042,0.035393590218491644,-0.011040997395484697,-0.0451153484520981,-0.004702821473142315
iid,rff_3,cross_1_2,0.02841237197283921,0.09504417214271432,0.03097894103763743,-0.025178036878576813,0.0824193121414158
iid,rff_3,cross_1_3,0.14960559409489646,0.18610017042184132,0.07574897817479836,0.046160120611079665,0.26277278563134915
iid,rff_3,cross_1_4,-0.014654021470162214,0.0194558400829272,-0.015141292795548655,-0.026260685766827753,-0.00344898778178648
iid,rff_3,cross_2_3,0.1312128370243073,0.15902048962915172,0.10981061641465573,0.04222325704254208,0.22529724333674106
iid,rff_3,cross_2_4,-0.018915520741427605,0.03843625644278694,-0.03015971771793935,-0.03986288474565985,0.004587672292979145
iid,rff_3,cross_3_4,-0.0073375856953274195,0.026173477515721227,0.0019687037820876885,-0.02343311115331542,0.00732767783535544
iid,rff_3,parity,0.004739059495270081,0.033689941386918464,-0.010578670050610417,-0.013978963523808398,0.025102633448970114
iid,rff_3,narma10,0.29195101965709613,0.040107403664522784,0.28877128640644445,0.2695610898470257,0.3154281180878161
mg,cv_A,linear_capacity,0.0,0.0,0.0,0.0,0.0
mg,cv_A,nonlinear_capacity,0.0,0.0,0.0,0.0,0.0
mg,cv_A,seconds,0.3342114200000651,0.07214025472056858,0.33803129999432713,0.28983180850340434,0.37337283200093224
mg,cv_A,effective_rank,1.6424311368576,0.4331191292434541,1.5281403320318765,1.4793423083495876,1.9265230622704181
mg,cv_A,mackey_glass,0.9945802221419132,0.005024180004907727,0.9960424089767206,0.9911355672173432,0.9969849506227828
mg,cv_B,linear_capacity,0.0,0.0,0.0,0.0,0.0
mg,cv_B,nonlinear_capacity,0.0,0.0,0.0,0.0,0.0
mg,cv_B,seconds,0.5047206799994456,0.07731810250691022,0.5207696500001475,0.4553535144988928,0.550099521997472
mg,cv_B,effective_rank,1.6459371282331365,0.43976098555579934,1.530639914008653,1.4804112654386987,1.9340407761717362
mg,cv_B,mackey_glass,0.994373171419714,0.005512381195058067,0.9961416831158967,0.9905998258248896,0.9969581703601612
mg,cv_eta_0.6,linear_capacity,0.0,0.0,0.0,0.0,0.0
mg,cv_eta_0.6,nonlinear_capacity,0.0,0.0,0.0,0.0,0.0
mg,cv_eta_0.6,seconds,0.47685852000140583,0.13687578402741551,0.4863995500054443,0.4019563747538268,0.5618147572521047
mg,cv_eta_0.6,effective_rank,1.262338865554162,0.02166496851988867,1.26950777226559,1.2481938041044889,1.273317683058285
mg,cv_eta_0.6,mackey_glass,0.999525278614442,5.1528285645145e-05,0.9995378716217904,0.9994911229001228,0.9995492370905583
mg,cv_eta_0.8,linear_capacity,0.0,0.0,0.0,0.0,0.0
mg,cv_eta_0.8,nonlinear_capacity,0.0,0.0,0.0,0.0,0.0
mg,cv_eta_0.8,seconds,0.5016233999995166,0.16597552390237016,0.49665269999968586,0.40304949375135035,0.5993734444990695
mg,cv_eta_0.8,effective_rank,1.6459371282331365,0.43976098555579934,1.530639914008653,1.4804112654386987,1.9340407761717362
mg,cv_eta_0.8,mackey_glass,0.994373171419714,0.005512381195058067,0.9961416831158967,0.9905998258248896,0.9969581703601612
mg,cv_eta_0.95,linear_capacity,0.0,0.0,0.0,0.0,0.0
mg,cv_eta_0.95,nonlinear_capacity,0.0,0.0,0.0,0.0,0.0
mg,cv_eta_0.95,seconds,0.5506071400013752,0.21910681969805487,0.5369352999987314,0.43064324375332946,0.6817128757512546
mg,cv_eta_0.95,effective_rank,2.7134900535221598,0.7543661557346992,3.1125754066985674,2.243485431167502,3.1061313377124664
mg,cv_eta_0.95,mackey_glass,0.9690786567313747,0.008714306531214884,0.9699513476734388,0.964029512622589,0.97398025146613
mg,cv_no_feedforward,linear_capacity,0.0,0.0,0.0,0.0,0.0
mg,cv_no_feedforward,nonlinear_capacity,0.0,0.0,0.0,0.0,0.0
mg,cv_no_feedforward,seconds,0.5287384599971119,0.1120288604826939,0.5154359499938437,0.4655695507449491,0.5953614740004559
mg,cv_no_feedforward,effective_rank,1.6393696454298499,0.4385192269597334,1.514347370933194,1.4755828562360624,1.9262411237227965
mg,cv_no_feedforward,mackey_glass,0.9945449984565581,0.0060722406904871835,0.9962678701415739,0.9903468197989193,0.9972411432520499
mg,cv_no_temporal,linear_capacity,0.0,0.0,0.0,0.0,0.0
mg,cv_no_temporal,nonlinear_capacity,0.0,0.0,0.0,0.0,0.0
mg,cv_no_temporal,seconds,0.5663064699983806,0.205604308137024,0.510995799995726,0.458317853999215,0.7002258457449715
mg,cv_no_temporal,effective_rank,1.0011677295930084,0.0014784638540144472,1.0007021953592747,1.0004557188014245,1.0021091941446307
mg,cv_no_temporal,mackey_glass,0.9790449032246725,6.83051373305698e-05,0.9790080306366855,0.9790137175430373,0.9790876641793208
mg,cv_noise_0.0,linear_capacity,0.0,0.0,0.0,0.0,0.0
mg,cv_noise_0.0,nonlinear_capacity,0.0,0.0,0.0,0.0,0.0
mg,cv_noise_0.0,seconds,0.5134665799982031,0.12823986869814377,0.5092668999932357,0.4393914582470097,0.585962100247234
mg,cv_noise_0.0,effective_rank,1.6459371282331365,0.43976098555579934,1.530639914008653,1.4804112654386987,1.9340407761717362
mg,cv_noise_0.0,mackey_glass,0.994373171419714,0.005512381195058067,0.9961416831158967,0.9905998258248896,0.9969581703601612
mg,cv_noise_0.1,linear_capacity,0.0,0.0,0.0,0.0,0.0
mg,cv_noise_0.1,nonlinear_capacity,0.0,0.0,0.0,0.0,0.0
mg,cv_noise_0.1,seconds,0.5198903600001359,0.18589569947069698,0.4818857000063872,0.42417092424468134,0.6389899447496646
mg,cv_noise_0.1,effective_rank,1.645948344348626,0.4397918283977656,1.5306399053131903,1.4804121383773003,1.9340718395875818
mg,cv_noise_0.1,mackey_glass,0.9943725859294364,0.005512618296408081,0.9961398501979584,0.9905990377331065,0.9969573659835845
mg,cv_window,linear_capacity,0.0,0.0,0.0,0.0,0.0
mg,cv_window,nonlinear_capacity,0.0,0.0,0.0,0.0,0.0
mg,cv_window,seconds,2.048367940001481,0.40062235750479996,2.1533371999976225,1.8032996312512477,2.2722510372507894
mg,cv_window,effective_rank,1.0665101617006183,0.012615168955761173,1.0646228230579418,1.0596184776565718,1.074141034954751
mg,cv_window,mackey_glass,0.9999513512789207,1.714965920714928e-05,0.9999500295298187,0.9999405320190389,0.9999610684211888
mg,cv_zero_coupling,linear_capacity,0.0,0.0,0.0,0.0,0.0
mg,cv_zero_coupling,nonlinear_capacity,0.0,0.0,0.0,0.0,0.0
mg,cv_zero_coupling,seconds,0.5573728699993807,0.18344165892737171,0.5166023499987205,0.4497391932486789,0.6652976085008776
mg,cv_zero_coupling,effective_rank,1.0,0.0,1.0,1.0,1.0
mg,cv_zero_coupling,mackey_glass,0.9791320346632741,1.1702778228589004e-16,0.979132034663274,0.9791320346632741,0.9791320346632741
mg,delay,linear_capacity,0.0,0.0,0.0,0.0,0.0
mg,delay,nonlinear_capacity,0.0,0.0,0.0,0.0,0.0
mg,delay,seconds,0.0014995399993495083,0.0007000130822740319,0.001231949994689785,0.0011143410015210975,0.0019265412469394504
mg,delay,effective_rank,1.1409603869713363,0.0,1.1409603869713363,1.1409603869713363,1.1409603869713363
mg,delay,mackey_glass,0.9999874557813729,1.1702778228589004e-16,0.999987455781373,0.9999874557813729,0.9999874557813729
mg,esn_14,linear_capacity,0.0,0.0,0.0,0.0,0.0
mg,esn_14,nonlinear_capacity,0.0,0.0,0.0,0.0,0.0
mg,esn_14,seconds,0.006545630001346581,0.003070466851007376,0.005221150000579655,0.004882265251908393,0.00848973225103691
mg,esn_14,effective_rank,1.0826065695017568,0.08315704969217139,1.0541344534071477,1.049130657784316,1.1387229152159415
mg,esn_14,mackey_glass,0.9999593869180814,1.977871256980807e-05,0.9999619923442832,0.9999477639169846,0.9999708857292852
mg,esn_3,linear_capacity,0.0,0.0,0.0,0.0,0.0
mg,esn_3,nonlinear_capacity,0.0,0.0,0.0,0.0,0.0
mg,esn_3,seconds,0.004867499999818392,0.0023568421662914472,0.004252300001098774,0.003764357499348989,0.006432865496644809
mg,esn_3,effective_rank,1.0563938553894263,0.06680496744946593,1.027116539705395,1.0224419148130004,1.0986459819531318
mg,esn_3,mackey_glass,0.995958416028043,0.004716148686924043,0.9971012730910316,0.9929301470904164,0.9982886509445829
mg,graphix,linear_capacity,0.0,0.0,0.0,0.0,0.0
mg,graphix,nonlinear_capacity,0.0,0.0,0.0,0.0,0.0
mg,graphix,seconds,1.1095962499981398,0.2572656636617516,1.0136914500035346,0.9754139627469339,1.2828403590014203
mg,graphix,effective_rank,1.1310507633164597,0.058152401019401646,1.1172661536355128,1.0988247532659654,1.1658414134658173
mg,graphix,mackey_glass,0.9980925704076578,0.0019786055112625874,0.9988784484586981,0.9967808740471865,0.9989344713213176
mg,graphix_no_entanglement,linear_capacity,0.0,0.0,0.0,0.0,0.0
mg,graphix_no_entanglement,nonlinear_capacity,0.0,0.0,0.0,0.0,0.0
mg,graphix_no_entanglement,seconds,1.0434213200001978,0.2602943379355271,0.9539806499960832,0.9093847839998489,1.2086919607496747
mg,graphix_no_entanglement,effective_rank,1.9984292707892632,0.004917158928811234,1.9999942515275677,1.9953164109943635,1.9999954290059934
mg,graphix_no_entanglement,mackey_glass,-149881465.79558492,473937881.5336135,0.978873977790548,-449627937.04388237,-5.801127080731158
mg,input_only_14,linear_capacity,0.0,0.0,0.0,0.0,0.0
mg,input_only_14,nonlinear_capacity,0.0,0.0,0.0,0.0,0.0
mg,input_only_14,seconds,0.002915039999061264,0.0014258147737119251,0.0026651000007404946,0.0022578099962993294,0.003819817750591028
mg,input_only_14,effective_rank,1.0814493839715298,0.06473513804186794,1.0642479590895118,1.0498604084102383,1.1241215039078258
mg,input_only_14,mackey_glass,0.9790808027727873,1.3237089591126925e-05,0.979081087728392,0.9790732357248311,0.9790889619740428
mg,input_only_3,linear_capacity,0.0,0.0,0.0,0.0,0.0
mg,input_only_3,nonlinear_capacity,0.0,0.0,0.0,0.0,0.0
mg,input_only_3,seconds,0.0020548299988149667,0.0012678629187706544,0.0016305499957525171,0.0014240474982216255,0.002851347995820105
mg,input_only_3,effective_rank,1.042946604780029,0.06202738957752485,1.0196134885480608,1.0127865605880362,1.0822407547548074
mg,input_only_3,mackey_glass,0.9790964622542383,0.00010065970523280836,0.9790749065574011,0.979053952065314,0.9791652259915044
mg,persistence,linear_capacity,0.0,0.0,0.0,0.0,0.0
mg,persistence,nonlinear_capacity,0.0,0.0,0.0,0.0,0.0
mg,persistence,seconds,0.0014063800030271524,0.0003871734202240914,0.001498950005043298,0.001184367000569182,0.001639707004324009
mg,persistence,effective_rank,1.0,0.0,1.0,1.0,1.0
mg,persistence,mackey_glass,0.9789596222415403,0.0,0.9789596222415403,0.9789596222415403,0.9789596222415403
mg,rff_14,linear_capacity,0.0,0.0,0.0,0.0,0.0
mg,rff_14,nonlinear_capacity,0.0,0.0,0.0,0.0,0.0
mg,rff_14,seconds,0.0022977199972956442,0.0007100752302939044,0.002421700002742,0.0018773727511143079,0.0026934457477545944
mg,rff_14,effective_rank,1.575086866594503,0.2958246644754876,1.4807794373477532,1.4190443231676881,1.7506094873578302
mg,rff_14,mackey_glass,0.9999890084968396,2.3239752127837617e-06,0.9999891948716018,0.9999877064089608,0.999990324588222
mg,rff_3,linear_capacity,0.0,0.0,0.0,0.0,0.0
mg,rff_3,nonlinear_capacity,0.0,0.0,0.0,0.0,0.0
mg,rff_3,seconds,0.0016515800030902027,0.0006777377134722928,0.001630800004932098,0.0012546117546298773,0.002030439500704233
mg,rff_3,effective_rank,1.4168922100731387,0.29890127137807215,1.3389325493068487,1.2592138911543636,1.6013856174038994
mg,rff_3,mackey_glass,0.9973058541674197,0.0016644727095509407,0.9976493556441729,0.9962038323799657,0.9981599791006261
